Plant,TÊN CỬA HÀNG,Chi nhánh,TỈNH/TP (TRÊN SAP),Tier,Latitude,Longitude,Total View GMB,Tin nhắn FMB x ZMB,Chỉ đường GMB,Điểm 5* GMB
1101,"TTKH 304 Trường Chinh, Tân Bình",Hồ Chí Minh,Hồ Chí Minh,Tier 1,10.7978242,106.6443889,24891,407,545,5.0
1102,"TTKH 151/3 Nguyễn Ảnh Thủ, Hóc Môn",Hồ Chí Minh,Hồ Chí Minh,Tier 2,10.8590478,106.608132,21001,1559,434,3.0
1103,"TTKH 23-23A Nguyễn Ảnh Thủ, Q12",Hồ Chí Minh,Hồ Chí Minh,Tier 1,10.8787608,106.637862,17560,736,613,4.0
1104,"TTKH 230B Lê Văn Sỹ, Tân Bình",Hồ Chí Minh,Hồ Chí Minh,Tier 1,10.7951469,106.6675751,20626,345,682,5.0
1105,"TTKH 508-510 Lý Thường Kiệt, Tân Bình",Hồ Chí Minh,Hồ Chí Minh,Tier 1,10.7874071,106.6535,12349,424,412,5.0
1106,"TTKH 298-300 Hoàng Văn Thụ, Tân Bình",Hồ Chí Minh,Hồ Chí Minh,Tier 1,10.7984246,106.6586505,20991,1075,488,4.8
1107,PNJ Coop Củ Chi,Hồ Chí Minh,Hồ Chí Minh,Tier 2,10.9589961,106.5045037,4599,108,119,0.0
1108,"TTKH 126A Tỉnh Lộ 8, Củ Chi",Hồ Chí Minh,Hồ Chí Minh,Tier 2,10.9713233,106.4918396,7114,1195,256,5.0
1109,"TTKH 172-174 Lê Thánh Tôn, Q1",Hồ Chí Minh,Hồ Chí Minh,Tier 1,10.7731546,106.6973351,43278,1866,1974,3.75
1110,"TTKH 71 Ông Ích Khiêm, Q11",Hồ Chí Minh,Hồ Chí Minh,Tier 1,10.766161,106.643716,11340,527,309,5.0
1111,"TTKH 142 Âu Cơ, Tân Bình",Hồ Chí Minh,Hồ Chí Minh,Tier 1,10.771346,106.6504169,25749,667,481,0.0
1112,"TTKH A27/7 Quốc lộ 50, Bình Chánh",Hồ Chí Minh,Hồ Chí Minh,Tier 2,10.7238964,106.6559426,16519,353,494,4.0
1113,"TTKH 5 Tân Mỹ, Q7",Hồ Chí Minh,Hồ Chí Minh,Tier 1,10.7378988,106.718463,23527,588,526,2.33
1114,"TTKH 241-243 Phạm Hùng, Q8",Hồ Chí Minh,Hồ Chí Minh,Tier 1,10.738242,106.670471,14355,732,481,5.0
1115,"TTKH 282 Phan Đình Phùng, Đà Lạt",Tây Nguyên,Tây Nguyên,Tier 2,11.9507513,108.4340464,15982,1569,535,4.0
1116,"TTKH 358 Bạch Đằng, Bình Thạnh",Hồ Chí Minh,Hồ Chí Minh,Tier 1,10.8031547,106.6994309,10768,382,402,0.0
1117,"TTKH 202-208 Tân Hương, Tân Phú",Hồ Chí Minh,Hồ Chí Minh,Tier 1,10.7900872,106.6225358,18029,537,385,4.33
1118,"TTKH 182B-182C Hòa Bình, Tân Phú",Hồ Chí Minh,Hồ Chí Minh,Tier 1,10.7708801,106.630635,11640,598,297,1.0
1119,"TTKH 699-701 Lũy Bán Bích, Tân Phú",Hồ Chí Minh,Hồ Chí Minh,Tier 1,10.7817669,106.6357795,14140,251,407,4.77
1120,"TTKH 127N-127P Đinh Tiên Hoàng, BT",Hồ Chí Minh,Hồ Chí Minh,Tier 1,10.798043,106.694719,18573,409,450,4.2
1121,"TTKH 229-231 Xô Viết Nghệ Tĩnh, Bình Thạnh",Hồ Chí Minh,Hồ Chí Minh,Tier 1,10.8003889,106.710993,29913,265,652,4.78
1122,"TTKH 317A Lê Quang Định, Bình Thạnh",Hồ Chí Minh,Hồ Chí Minh,Tier 1,10.8112892,106.69078,13579,573,424,5.0
1124,PNJ Aeon Bình Tân,Hồ Chí Minh,Hồ Chí Minh,Tier 1,10.7427497,106.6119309,17105,840,264,3.7
1127,PNJ Vạn Hạnh Mall,Hồ Chí Minh,Hồ Chí Minh,Tier 1,10.7712347,106.6698295,6857,789,111,3.0
1128,PNJ CoopExtra Sư Vạn Hạnh,Hồ Chí Minh,Hồ Chí Minh,Tier 1,10.7709514,106.6698336,8804,0,178,0.0
1130,PNJ Aeon Tân Phú,Hồ Chí Minh,Hồ Chí Minh,Tier 1,10.8015819,106.6174433,10060,1271,195,1.0
1131,PNJ Tasco Mall Hà Nội,Miền Bắc,Hà Nội,Tier 1,21.051022,105.8927767,13442,1056,179,5.0
1133,"TTKH 403 Thống Nhất, Gò Vấp",Hồ Chí Minh,Hồ Chí Minh,Tier 1,10.8519786,106.6654599,21368,632,407,4.75
1134,"PNJ NEXT 362 Nguyễn Văn Nghi, Gò Vấp",Hồ Chí Minh,Hồ Chí Minh,Tier 1,10.8245847,106.6865292,40852,2103,1109,4.4
1135,"TTKH 632-632A Quang Trung, Gò Vấp",Hồ Chí Minh,Hồ Chí Minh,Tier 1,10.8361706,106.6599802,21108,898,394,1.0
1136,"TTKH 411-413 Quang Trung, Gò Vấp",Hồ Chí Minh,Hồ Chí Minh,Tier 1,10.8309748,106.6688945,10569,433,366,4.5
1137,"TTKH 375 Nguyễn Oanh, Gò Vấp",Hồ Chí Minh,Hồ Chí Minh,Tier 1,10.8442179,106.6772349,12449,122,296,0.0
1138,"TTKH 255A-255B Hậu Giang, Q6",Hồ Chí Minh,Hồ Chí Minh,Tier 1,10.7496198,106.6432596,19465,560,434,1.0
1139,"TTKH 909 Hậu Giang, Q6",Hồ Chí Minh,Hồ Chí Minh,Tier 1,10.7460534,106.6276795,27935,469,381,2.67
1140,"TTKH 56B-56C Bà Hom, Q6",Hồ Chí Minh,Hồ Chí Minh,Tier 1,10.7571778,106.6263198,15104,877,328,4.0
1141,"TTKH 292 Hai Bà Trưng, Q1",Hồ Chí Minh,Hồ Chí Minh,Tier 1,10.7892138,106.690698,35625,776,695,3.0
1142,"TTKH 159A Phan Đăng Lưu, Phú Nhuận",Hồ Chí Minh,Hồ Chí Minh,Tier 1,10.8011935,106.6826112,18432,1027,623,3.3
1143,"TTKH 664/1-666 Nguyễn Đình Chiểu, Q3",Hồ Chí Minh,Hồ Chí Minh,Tier 1,10.7686192,106.6805713,16451,687,602,2.5
1144,"TTKH 86-88 Nguyễn Trãi, Q5",Hồ Chí Minh,Hồ Chí Minh,Tier 1,10.758013,106.6796213,19361,0,792,5.0
1145,TTKH 385B CTM8.Q10,Hồ Chí Minh,Hồ Chí Minh,Tier 01,10.7805121,106.676387,4092,0,159,0.0
1147,PNJ Coop Xa Lộ Hà Nội,Hồ Chí Minh,Hồ Chí Minh,Tier 1,10.8480014,106.7743068,19737,15,205,0.0
1148,PNJ Vincom Lê Văn Việt,Hồ Chí Minh,Hồ Chí Minh,Tier 1,10.8449727,106.7786146,22460,30,235,5.0
1149,PNJ CoopExtra Thủ Đức,Hồ Chí Minh,Hồ Chí Minh,Tier 1,,,11839,31,144,0.0
1150,PNJ Vincom Thủ Đức,Hồ Chí Minh,Hồ Chí Minh,Tier 1,10.8503199,106.7657016,11217,177,162,0.0
1153,PNJ Lottemart Gò Vấp,Hồ Chí Minh,Hồ Chí Minh,Tier 1,10.8380202,106.6708748,7061,32,249,5.0
1155,PNJ Vincom Gò Vấp,Hồ Chí Minh,Hồ Chí Minh,Tier 1,10.8269376,106.6890857,14083,87,141,5.0
1157,PNJ Nowzone,Hồ Chí Minh,Hồ Chí Minh,Tier 1,10.7644791,106.6822648,14013,34,229,0.0
1159,PNJ Vincom Đồng Khởi,Hồ Chí Minh,Hồ Chí Minh,Tier 1,10.7777857,106.7016596,72561,727,627,5.0
1165,PNJ Saigon Centre,Hồ Chí Minh,Hồ Chí Minh,Tier 1,10.7731031,106.70105,25469,353,386,4.4
1169,PNJ Vincom Thảo Điền,Hồ Chí Minh,Hồ Chí Minh,Tier 1,10.8019902,106.7400981,26594,90,191,5.0
1171,PNJ SC VivoCity,Hồ Chí Minh,Hồ Chí Minh,Tier 1,10.7298577,106.7032856,7651,55,156,0.0
1172,PNJ Lottemart Q7,Hồ Chí Minh,Hồ Chí Minh,Tier 1,10.7409449,106.7018086,11058,121,180,3.33
1174,PNJ Coop Huỳnh Tấn Phát,Hồ Chí Minh,Hồ Chí Minh,Tier 1,,,17151,52,219,0.0
1176,"CH Bạc 76 Nơ Trang Long, Bình Thạnh",Hồ Chí Minh,Hồ Chí Minh,Tier 1,10.8078304,106.6952702,8750,0,416,0.0
1187,"CH Bạc 338 Phan Đình Phùng, Phú Nhuận",Hồ Chí Minh,Hồ Chí Minh,Tier 1,10.79871,106.680676,14152,0,366,5.0
1188,"CH Bạc 21 Trần Quang Khải, Q1",Hồ Chí Minh,Hồ Chí Minh,Tier 1,10.7924442,106.6953074,16409,0,477,0.0
1190,"CH Bạc 477 Nguyễn Tri Phương, Q10",Hồ Chí Minh,Hồ Chí Minh,Tier 1,,,15170,0,387,3.0
1192,"CH Bạc 305 Nguyễn Đình Chiểu, Q3",Hồ Chí Minh,Hồ Chí Minh,Tier 1,10.7727074,106.6847637,33135,0,1083,5.0
1193,"CH Bạc 459 Trường Chinh, Tân Bình",Hồ Chí Minh,Hồ Chí Minh,Tier 1,,,15829,0,461,0.0
1197,"TTKH 58 Quang Trung, Hà Đông",Miền Bắc,Hà Nội,Tier 1,20.9707002,105.7752384,39631,2088,1895,4.27
1198,"TTKH 129 Chùa Bộc, Đống Đa",Miền Bắc,Hà Nội,Tier 1,21.0078264,105.8279534,36589,0,645,4.33
1199,"TTKH 243 Xã Đàn, Đống Đa",Miền Bắc,Hà Nội,Tier 1,21.0166503,105.8313618,33108,1306,1018,5.0
1200,"TTKH 334 Cầu Giấy, Cầu Giấy",Miền Bắc,Hà Nội,Tier 1,21.0356059,105.7928049,34771,2354,1466,5.0
1202,"PNJ BigC Thăng Long, Cầu Giấy",Miền Bắc,Hà Nội,Tier 1,21.007443,105.7931823,42424,172,1199,5.0
1205,PNJ Aeon Long Biên,Miền Bắc,Hà Nội,Tier 1,21.0274359,105.8987956,17843,2301,387,4.28
1208,PNJ Vincom Royalcity,Miền Bắc,Hà Nội,Tier 1,21.0021365,105.8151956,41329,619,466,3.0
1209,PNJ Vincom Nguyễn Chí Thanh,Miền Bắc,Hà Nội,Tier 1,,,115,50,83,0.0
1210,PNJ Vincom Timescity,Miền Bắc,Hà Nội,Tier 1,20.9948192,105.86854,31062,877,415,5.0
1219,Style 256 Cầu Giấy,Miền Bắc,Hà Nội,Tier 1,21.034385,105.796044,25729,335,554,5.0
1224,"TTKH 30 Quán Thánh, Ba Đình",Miền Bắc,Hà Nội,Tier 1,21.0403897,105.8465297,21712,868,626,5.0
1225,"TTKH 65 Hai Bà Trưng, Long Xuyên",Miền Tây,An Giang,Tier 1,10.3813568,105.4429565,10002,1046,287,5.0
1227,PNJ Coop Châu Đốc,Miền Tây,An Giang,Tier 2,10.7077833,105.1253525,10378,273,149,0.0
1228,PNJ Vincom Long Xuyên,Miền Tây,An Giang,Tier 1,10.3839083,105.43725,5318,291,184,0.0
1229,"TTKH 19-21 Nguyễn Văn Thoại, Châu Đốc",Miền Tây,An Giang,Tier 2,10.7090802,105.1180817,7313,741,263,0.0
1230,"TTKH 198 Hà Hoàng Hổ, Long Xuyên",Miền Tây,An Giang,Tier 1,10.3778042,105.4336863,4392,232,198,0.0
1231,PNJ Coop Tân Thành,Đông Nam Bộ,Bà Rịa – Vũng Tàu,Tier 3,10.592586,107.0546577,6405,0,171,0.0
1232,"PNJ NEXT 380 Lê Hồng Phong, Vũng Tàu",Đông Nam Bộ,Bà Rịa – Vũng Tàu,Tier 1,10.3525314,107.0876027,23390,3807,444,4.38
1233,PNJ Coop Vũng Tàu,Đông Nam Bộ,Bà Rịa – Vũng Tàu,Tier 1,10.3669944,107.0855396,17431,0,128,0.0
1234,PNJ Coop Bà Rịa,Đông Nam Bộ,Bà Rịa – Vũng Tàu,Tier 2,10.4894835,107.1743041,13086,238,197,0.0
1235,"TTKH 165 Trần Phú, Bạc Liêu",Miền Tây,Bạc Liêu,Tier 2,9.29095759999999,105.7215364,8785,0,284,5.0
1237,"TTKH 448-450 Ngô Gia Tự, Bắc Ninh",Miền Bắc,Bắc Ninh,Tier 2,21.1824429,106.0644752,15507,1721,799,0.0
1238,"TTKH 204 Trần Phú Từ Sơn, Bắc Ninh",Miền Bắc,Bắc Ninh,Tier 3,21.1182263,105.9595913,7392,2349,464,5.0
1239,"TTKH 58C-62C Đồng Khởi, Bến Tre",Miền Tây,Bến Tre,Tier 2,10.2518527,106.3731509,10807,1648,351,5.0
1240,PNJ SenseCity Bến Tre,Miền Tây,Bến Tre,Tier 2,10.2413481,106.3765338,8384,235,98,0.0
1241,"TTKH 171 Nguyễn Thái Học, Quy Nhơn",Miền Trung,Bình Định,Tier 1,13.769745,109.2178767,6643,1375,134,5.0
1242,"07 Nguyễn Tất Thành, Quy Nhơn",Miền Trung,Bình Định,Tier 1,13.7674814,109.2220084,8992,645,191,5.0
1243,PNJ BigC Quy Nhơn,Miền Trung,Bình Định,Tier 1,13.7214259,109.2116538,21448,811,403,5.0
1244,"TTKH 459 Đại lộ Bình Dương, Thủ Dầu Một",Đông Nam Bộ,Bình Dương,Tier 1,10.9810096,106.6668314,25928,1861,737,4.5
1245,"TTKH 51 ĐT745, Thuận An",Đông Nam Bộ,Bình Dương,Tier 1,10.91661,106.702464,14913,998,617,4.9
1246,PNJ Aeon Bình Dương,Đông Nam Bộ,Bình Dương,Tier 1,10.9324275,106.7119217,44645,731,8874,4.0
1248,PNJ Coop Bình Dương,Đông Nam Bộ,Bình Dương,Tier 1,10.9645131,106.6675335,9298,652,213,5.0
1249,PNJ Coop Bình Dương 2,Đông Nam Bộ,Bình Dương,Tier 1,10.9842519,106.6669437,23082,0,201,5.0
1250,PNJ Vincom Trần Duy Hưng,Miền Bắc,Hà Nội,Tier 1,21.0068021,105.7958258,33975,744,217,4.5
1251,PNJ BigC Dĩ An,Đông Nam Bộ,Bình Dương,Tier 1,10.8850696,106.7606752,18159,640,558,5.0
1252,"TTKH 230 Nguyễn An Ninh, Dĩ An",Đông Nam Bộ,Bình Dương,Tier 1,10.904187,106.7680022,23076,1238,479,4.25
1253,"TTKH 874 Phú Riềng Đỏ, Đồng Xoài",Đông Nam Bộ,Bình Phước,Tier 2,11.5315296,106.8972454,8957,963,348,4.93
1254,PNJ Coop Đồng Xoài,Đông Nam Bộ,Bình Phước,Tier 2,11.5376451,106.8987055,13135,900,226,5.0
1255,PNJ Coop Phan Thiết,Tây Nguyên,Tây Nguyên,Tier 2,10.9298075,108.1055777,14695,0,94,5.0
1256,"TTKH 40 Nguyễn Thị Minh Khai, Phan Thiết",Tây Nguyên,Tây Nguyên,Tier 2,10.9274614,108.0976976,9195,951,180,4.96
1258,"TTKH 70 Trần Hưng Đạo, Cà Mau",Miền Tây,Cà Mau,Tier 2,9.1803051,105.1575299,9409,1306,288,0.0
1259,PNJ Sensecity Cà Mau,Miền Tây,Cà Mau,Tier 2,9.178391,105.1548922,8984,93,195,0.0
1260,Next Cần Thơ,Miền Tây,Cần Thơ,Tier 1,10.0253054,105.7756477,12502,6680,495,3.33
1261,PNJ Coop Thốt Nốt,Miền Tây,Cần Thơ,Tier 3,10.2696374,105.5361213,4873,0,158,0.0
1262,"TTKH 178 Trần Hưng Đạo, Ninh Kiều",Miền Tây,Cần Thơ,Tier 1,10.036194,105.7760036,24517,2062,508,3.04
1264,"TTKH 208 Nguyễn Văn Cừ, Ninh Kiều",Miền Tây,Cần Thơ,Tier 1,10.0516104,105.7730725,13052,2683,392,0.0
1265,PNJ Sensecity Cần Thơ,Miền Tây,Cần Thơ,Tier 1,10.0318916,105.7831371,7414,0,180,0.0
1266,PNJ Vincom Xuân Khánh,Miền Tây,Cần Thơ,Tier 1,10.0256791,105.7757161,12074,0,271,5.0
1267,"TTKH 691 Tôn Đức Thắng, Liên Chiểu",Miền Trung,Đà Nẵng,Tier 2,16.0671685,108.1523523,15610,1375,384,5.0
1268,PNJ BigC Đà Nẵng,Miền Trung,Đà Nẵng,Tier 1,16.0673493,108.2150902,22192,552,178,0.0
1269,"TTKH 70-72 Trần Phú, Hải Châu",Miền Trung,Đà Nẵng,Tier 1,16.0704449,108.2239352,45876,1975,776,5.0
1272,PNJ Vincom Ngô Quyền Đà Nẵng,Miền Trung,Đà Nẵng,Tier 2,16.0714014,108.2299673,23824,399,132,5.0
1273,"TTKH 359 Phan Châu Trinh, Hải Châu",Miền Trung,Đà Nẵng,Tier 1,16.0569059,108.2189047,23213,1303,333,5.0
1274,"TTKH 210-212 Đống Đa, Đà Nẵng",Miền Trung,Đà Nẵng,Tier 1,16.0783256,108.2168096,14328,898,206,5.0
1275,PNJ Lottemart Đà Nẵng,Miền Trung,Đà Nẵng,Tier 1,16.0348373,108.2292584,26130,511,187,5.0
1276,"TTKH 411 Lê Duẩn, Thanh Khê",Miền Trung,Đà Nẵng,Tier 1,16.0676109,108.2081307,21605,1063,246,5.0
1277,"TTKH 32 Quang Trung, Buôn Ma Thuột",Tây Nguyên,Tây Nguyên,Tier 1,12.6812258,108.0432438,14537,866,334,1.0
1278,PNJ Coop Buôn Ma Thuột,Tây Nguyên,Tây Nguyên,Tier 1,12.6921624,108.0620401,7380,0,167,3.0
1280,PNJ Coop Đắk Nông,Tây Nguyên,Tây Nguyên,Tier 2,12.0034771,107.6855533,5406,344,92,0.0
1281,TTKH 136 Võ Thị Sáu,Đông Nam Bộ,Đồng Nai,Tier 1,10.946762,106.8271606,16859,789,816,5.0
1282,"TTKH Next 1393 Phạm Văn Thuận, Biên Hòa",Đông Nam Bộ,Đồng Nai,Tier 1,10.9580272,106.8385449,11743,4942,465,5.0
1283,"TTKH G58 Hùng Vương, Long Khánh",Đông Nam Bộ,Đồng Nai,Tier 2,10.9360063,107.2415768,9194,2095,324,2.33
1286,PNJ BigC Tân Hiệp,Đông Nam Bộ,Đồng Nai,Tier 1,10.9666065,106.8544657,9422,689,217,5.0
1287,"TTKH 6/1B Quốc Lộ 20, Thống Nhất",Đông Nam Bộ,Đồng Nai,Tier 3,11.0329257,107.1783489,7713,676,268,0.0
1289,"TTKH 622K-624 Lê Duẩn, Long Thành",Đông Nam Bộ,Đồng Nai,Tier 3,10.7685627,106.9554957,13957,1162,400,4.25
1290,PNJ BigC Đồng Nai,Đông Nam Bộ,Đồng Nai,Tier 1,10.9056093,106.8504338,18823,0,341,5.0
1291,"TTKH 124 Hùng Vương, Sa Đéc",Miền Tây,Đồng Tháp,Tier 2,10.2954488,105.7664771,9670,1689,263,0.0
1292,PNJ Coop Cao Lãnh,Miền Tây,Đồng Tháp,Tier 2,10.4595722,105.6406717,11027,0,170,0.0
1294,PNJ 90 Hai Bà Trưng- Pleiku,Tây Nguyên,Tây Nguyên,Tier 2,13.9802419,107.9962818,8030,1581,228,1.0
1295,PNJ Coop Pleiku,Tây Nguyên,Tây Nguyên,Tier 2,13.9872742,108.0081943,5804,0,119,0.0
1299,"TTKH 18A Lạch Tray, Hải Phòng",Miền Bắc,Hải Phòng,Tier 1,20.8502618,106.6879977,15345,2655,468,4.82
1300,"TTKH 217 Lạc Long Quân, Cầu Giấy",Miền Bắc,Hà Nội,Tier 1,21.0537976,105.8088354,28762,966,575,4.96
1304,"TTKH 271 Trần Hưng Đạo,Huế",Miền Trung,Thừa Thiên Huế,Tier 1,16.4736762,107.5882115,10766,572,162,4.63
1305,"TTKH 27 Hà Nội, Huế",Miền Trung,Thừa Thiên Huế,Tier 1,16.4637002,107.59341,12874,3592,298,4.8
1307,PNJ Lottemart Nha Trang,Tây Nguyên,Tây Nguyên,Tier 1,12.2516974,109.1770415,14826,628,100,0.0
1311,"TTKH 38 Hoàng Hoa Thám, Rạch Giá",Miền Tây,Kiên Giang,Tier 2,10.0116454,105.0834877,12654,412,213,0.0
1312,"TTKH 353 Nguyễn Trung Trực, Rạch Giá",Miền Tây,Kiên Giang,Tier 2,9.9973931,105.0921491,4708,768,225,2.33
1313,TTKH Phan Thị Ràng,Miền Tây,Kiên Giang,Tier 2,10.0058449,105.0855053,6336,493,206,0.0
1314,"TTKH 297 Trần Hưng Đạo, Kon Tum",Tây Nguyên,Tây Nguyên,Tier 2,14.3497063,108.0043334,5019,589,126,5.0
1316,"TTKH 25-27 Phan Bội Châu, Đà Lạt",Tây Nguyên,Tây Nguyên,Tier 2,11.9438584,108.4366454,22603,1205,323,2.6
1317,PNJ BigC Đà Lạt,Tây Nguyên,Tây Nguyên,Tier 2,11.9393622,108.445203,35334,544,250,0.0
1318,PNJ Coop Bảo Lộc,Tây Nguyên,Tây Nguyên,Tier 2,11.5313923,107.7793872,9713,508,169,5.0
1319,"TTKH 188A Hoàng Liên, Lào Cai",Miền Bắc,Lào Cai,Tier 2,22.4933699,103.9683565,3380,17,136,5.0
1320,"TTKH 51 Trương Định, Tân An",Miền Tây,Long An,Tier 2,10.5381411,106.4137167,12921,1069,264,5.0
1321,PNJ Coop Tân An,Miền Tây,Long An,Tier 2,10.534873,106.4112182,7418,126,201,1.0
1322,"TTKH 86 Hùng Vương, Tân An",Miền Tây,Long An,Tier 2,10.5371969,106.4054713,8312,960,174,4.0
1323,PNJ Coop Bến Lức,Miền Tây,Long An,Tier 3,10.6374618,106.4830356,10902,160,142,0.0
1324,"TTKH 107 Nguyễn Hữu Thọ, Bến Lức",Miền Tây,Long An,Tier 3,10.6393887,106.4865165,8973,967,304,5.0
1326,"TTKH 52 Quang Trung, Nam Định",Miền Bắc,Nam Định,Tier 2,20.4291129,106.1719091,14196,2369,615,5.0
1327,"TTKH 159 Trần Hưng Đạo, Ninh Bình",Miền Bắc,Ninh Bình,Tier 2,20.2610771,105.9701804,29579,3321,774,4.67
1329,PNJ Vincom Tuy Hoà,Tây Nguyên,Tây Nguyên,Tier 2,13.1015569,109.3088412,26782,964,179,0.0
1330,"TTKH 199B Trần Hưng Đạo, Tuy Hòa",Tây Nguyên,Tây Nguyên,Tier 2,13.0861737,109.3067291,7485,1461,174,0.0
1331,"TTKH 79A Trần Hưng Đạo, Đồng Hới",Miền Trung,Quảng Bình,Tier 1,17.4698212,106.6153621,6488,1678,238,5.0
1332,"TTKH 461 Phan Châu Trinh, Tam Kỳ",Miền Trung,Quảng Nam,Tier 1,15.5653179,108.494623,9020,1901,277,5.0
1333,"TTKH 236 Lý Thường Kiệt, Hội An",Miền Trung,Quảng Nam,Tier 2,15.8827318,108.3307296,21908,1398,378,2.65
1337,PNJ Vincom Hạ Long,Miền Bắc,Quảng Ninh,Tier 1,20.9504242,107.0845748,13357,291,240,5.0
1338,"TTKH Lô 1-2 Trần Hưng Đạo, Hạ Long",Miền Bắc,Quảng Ninh,Tier 1,20.9541883,107.0853495,6400,2107,176,4.94
1339,"TTKH 86 Quốc Lộ 9B, Đông Hà",Miền Trung,Quảng Trị,Tier 1,16.8139655,107.1006017,8388,1162,217,4.8
1340,"TTKH 25 Hai Bà Trưng, Sóc Trăng",Miền Tây,Sóc Trăng,Tier 2,9.6034451,105.9741008,15223,2803,167,0.0
1341,PNJ Coop Sóc Trăng,Miền Tây,Sóc Trăng,Tier 2,9.6157913,105.9681099,6324,0,151,0.0
1342,"TTKH 877 Cách Mạng Tháng Tám, Tây Ninh",Đông Nam Bộ,Tây Ninh,Tier 2,11.308224,106.1171963,13735,2912,323,0.0
1343,PNJ Coop Tây Ninh,Đông Nam Bộ,Tây Ninh,Tier 2,11.3079931,106.1087157,7743,470,149,0.0
1344,PNJ Coop Trảng Bàng,Đông Nam Bộ,Tây Ninh,Tier 3,11.0327936,106.3542769,6397,0,218,1.0
1345,"TTKH 110 Lương Ngọc Quyến, Thái Nguyên",Miền Bắc,Thái Nguyên,Tier 2,21.5958646,105.8244038,8595,593,839,5.0
1347,"TTKH 139-141 Lê Hoàn, Thanh Hóa",Miền Bắc,Thanh Hóa,Tier 2,19.8060292,105.779321,13874,45,868,3.0
1348,PNJ Coop Mỹ Tho,Miền Tây,Tiền Giang,Tier 2,,,112,0,75,0.0
1349,PNJ Coop Gò Công,Miền Tây,Tiền Giang,Tier 3,10.3547154,106.673095,8525,76,193,0.0
1350,PNJ Coop Cai Lậy,Miền Tây,Tiền Giang,Tier 3,10.4081888,106.1197738,6647,855,182,5.0
1353,"TTKH 2 Điện Biên Phủ, Trà Vinh",Miền Tây,Trà Vinh,Tier 2,9.9341944,106.341394,9056,1550,206,0.0
1355,"TTKH 1B Trưng Nữ Vương, Vĩnh Long",Miền Tây,Vĩnh Long,Tier 2,10.2541144,105.9710004,12964,2190,225,5.0
1356,PNJ Coop Vĩnh Long,Miền Tây,Vĩnh Long,Tier 2,10.2548066,105.9710067,6733,346,140,0.0
1358,"TTKH 3/27 Quang Trung, Hóc Môn",Hồ Chí Minh,Hồ Chí Minh,Tier 2,10.8883175,106.5960959,12975,1428,409,0.0
1359,"TTKH 294A Ba Tháng Hai,Q10",Hồ Chí Minh,Hồ Chí Minh,Tier 1,10.7705123,106.6718658,19283,564,929,5.0
1360,"TTKH 303G Nguyễn Sơn, Tân Phú",Hồ Chí Minh,Hồ Chí Minh,Tier 1,10.783875,106.6227292,21127,1826,375,4.75
1361,"TTKH 139-141 Võ Văn Ngân, Thủ Đức",Hồ Chí Minh,Hồ Chí Minh,Tier 1,10.8507674,106.7611936,29222,1416,1019,3.35
1362,"TTKH 52A-52B Nguyễn Văn Trỗi, Phú Nhuận",Hồ Chí Minh,Hồ Chí Minh,Tier 1,10.7940862,106.6784038,49957,1860,1749,4.64
1363,"TTKH 5-7 An Dương Vương, Q5",Hồ Chí Minh,Hồ Chí Minh,Tier 1,10.7565391,106.6713692,26668,479,1180,2.0
1364,"TTKH 6A Trần Nhân Tông, Hai Bà Trưng",Miền Bắc,Hà Nội,Tier 1,21.0169178,105.8512477,35313,1120,1624,4.0
1365,"TTKH 269A Cách Mạng Tháng Tám, Bà Rịa",Đông Nam Bộ,Bà Rịa – Vũng Tàu,Tier 2,10.4952598,107.1730142,9389,1382,377,3.0
1366,"TTKH 334-336 Trần Hưng Đạo, Quy Nhơn",Miền Trung,Bình Định,Tier 1,13.7778557,109.2274831,13749,1206,231,3.0
1367,"PNJ NEXT 3-3A Hùng Vương, Thủ Dầu Một",Đông Nam Bộ,Bình Dương,Tier 1,10.9776474,106.6565833,16259,1044,724,4.2
1368,"TTKH 46 Ngô Quyền, Ninh Kiều",Miền Tây,Cần Thơ,Tier 1,10.0342247,105.7873121,12779,0,323,5.0
1369,"TTKH 123 Hùng Vương,Hải Châu",Miền Trung,Đà Nẵng,Tier 1,16.0678544,108.2173039,18577,872,458,4.86
1370,"TTKH 190-192 Nguyễn Tất Thành,BMT",Tây Nguyên,Tây Nguyên,Tier 1,12.6904989,108.060884,11464,0,243,1.0
1371,"TTKH 705 Phạm Văn Thuận, Biên Hòa",Đông Nam Bộ,Đồng Nai,Tier 1,10.9479965,106.8553125,23069,1584,644,3.67
1373,"TTKH 25-27 Lý Thánh Tôn, Nha Trang",Tây Nguyên,Tây Nguyên,Tier 1,12.2490051,109.1903521,19326,1674,472,4.0
1374,"TTKH 10-11 Quang Trung Vinh,Nghệ An",Miền Bắc,Nghệ An,Tier 2,18.6690338,105.6739515,12859,1217,626,5.0
1375,"TTKH 30/2 Ấp Bắc,Mỹ Tho",Miền Tây,Tiền Giang,Tier 2,10.3646296,106.3576324,13524,2043,304,5.0
1376,"TTKH 560 Thống Nhất,Phan Rang Tháp Chàm",Tây Nguyên,Tây Nguyên,Tier 2,11.5604582,108.9896373,6517,3435,179,5.0
1377,"TTKH 3/2 Đồng Khởi,Đồng Khởi",Đông Nam Bộ,Đồng Nai,Tier 1,10.9567481,106.8606568,14278,786,404,0.0
1378,"TTKH 101-103 Nguyễn Gia Trí,Bình Thạnh",Hồ Chí Minh,Hồ Chí Minh,Tier 1,10.8053822,106.7159545,43064,833,896,4.33
1379,"TTKH 216 Đỗ Xuân Hợp,Q9",Hồ Chí Minh,Hồ Chí Minh,Tier 1,10.8274865,106.7686205,32483,1970,745,4.84
1380,"TTKH 863-865 Quang Trung,Gò Vấp",Hồ Chí Minh,Hồ Chí Minh,Tier 1,10.8434396,106.6411115,12482,1561,544,4.89
1381,"TTKH 1871 Huỳnh Tấn Phát,Nhà Bè",Hồ Chí Minh,Hồ Chí Minh,Tier 2,10.6966707,106.7393377,13013,132,316,1.0
1382,"PNJ CresentMall,Q7",Hồ Chí Minh,Hồ Chí Minh,Tier 1,10.7285727,106.7185675,9900,445,147,2.5
1383,"TTKH 745 Lê Trọng Tấn,Bình Tân",Hồ Chí Minh,Hồ Chí Minh,Tier 1,10.8156449,106.6029923,21910,685,317,3.5
1384,PNJ Vincom Landmark 81,Hồ Chí Minh,Hồ Chí Minh,Tier 1,10.7936931,106.7221373,25216,259,256,3.0
1385,"TTKH 337 Cộng Hòa,Tân Bình",Hồ Chí Minh,Hồ Chí Minh,Tier 1,10.8020394,106.6429208,21446,317,563,3.0
1386,PNJ Centralmall Củ Chi,Hồ Chí Minh,Hồ Chí Minh,Tier 2,10.9838256,106.5797991,4335,499,102,5.0
1388,"TTKH 514 Bạch Mai,Hai Bà Trưng",Miền Bắc,Hà Nội,Tier 1,20.9964377,105.8498753,39510,1475,628,5.0
1389,"TTKH 94-96 Kim Mã,Ba Đình",Miền Bắc,Hà Nội,Tier 1,21.0323397,105.8273751,34930,1091,678,5.0
1390,PNJ Vincom Trần Phú Thanh Hóa,Miền Bắc,Thanh Hóa,Tier 2,19.8102226,105.7775083,15845,643,458,5.0
1391,PNJ Vincom Lý Thái Tổ Bắc Ninh,Miền Bắc,Bắc Ninh,Tier 2,21.1783389,106.072202,12792,327,594,5.0
1392,"TTKH 1 Tam Thanh,Lạng Sơn",Miền Bắc,Lạng Sơn,Tier 3,21.8568162,106.7460686,1601,962,101,0.0
1394,"TTKH 176 Mai Thúc Loan,Huế",Miền Trung,Thừa Thiên Huế,Tier 1,16.4746547,107.5794811,9092,1286,155,5.0
1395,"TTKH 72 Ông Ích Đường,Cẩm Lệ",Miền Trung,Đà Nẵng,Tier 2,16.015705,108.2048887,16975,818,286,5.0
1397,PNJ Vincom Đồng Hới,Miền Trung,Quảng Bình,Tier 1,17.4646465,106.6276997,6262,1488,175,5.0
1398,PNJ Vincom Huế,Miền Trung,Thừa Thiên Huế,Tier 1,16.4631061,107.5945241,19863,672,220,5.0
1401,"TTKH 92-94 Huỳnh Thúc Kháng,Gia Nghĩa",Tây Nguyên,Tây Nguyên,Tier 2,12.0044978,107.6833158,3185,743,167,0.0
1404,"TTKH 121 Thống Nhất,Đức Trọng",Tây Nguyên,Tây Nguyên,Tier 3,11.7314968,108.3754917,6948,1780,207,1.0
1405,PNJ Vincom Trần Phú Nha Trang,Tây Nguyên,Tây Nguyên,Tier 1,12.233215,109.1972188,31641,392,216,4.83
1406,"TTKH 462 Nguyễn Thị Thập,Q7",Hồ Chí Minh,Hồ Chí Minh,Tier 1,10.7395998,106.7071818,48648,2789,1292,3.44
1407,PNJ DiamondPlaza,Hồ Chí Minh,Hồ Chí Minh,Tier 1,10.7808086,106.6987697,20685,45,186,1.0
1408,"TTKH 85 Hùng Vương,Hòa Thành",Đông Nam Bộ,Tây Ninh,Tier 3,11.2863203,106.1291625,11751,989,242,0.0
1409,PNJ Coop Phan Rí Cửa,Tây Nguyên,Tây Nguyên,Tier 3,11.1804493,108.5765815,1984,0,109,0.0
1410,PNJ Coop Cần Giuộc,Miền Tây,Long An,Tier 3,,,137,0,73,0.0
1411,PNJ Go Mỹ Tho,Miền Tây,Tiền Giang,Tier 2,10.3590388,106.3409454,15647,1487,324,5.0
1412,"TTKH 245 Trần Phú,Cẩm Phả",Miền Bắc,Quảng Ninh,Tier 3,21.0130045,107.281598,3788,48,189,0.0
1413,"TTKH 168 Hùng Vương,Móng Cái",Miền Bắc,Quảng Ninh,Tier 2,21.5276805,107.9707936,3713,0,96,5.0
1416,"TTKH 165 Nguyễn Văn Thoại,Sơn Trà",Miền Trung,Đà Nẵng,Tier 2,16.0551122,108.2415806,27636,1522,559,4.75
1418,PNJ SenseCity Phạm Văn Đồng,Hồ Chí Minh,Hồ Chí Minh,Tier 1,10.8276757,106.7223512,12782,737,138,4.51
1419,"TTKH 1580 Hùng Vương,Việt Trì",Miền Bắc,Phú Thọ,Tier 2,21.3271818,105.3801178,6623,1651,339,4.75
1420,"TTKH 139-141 Lê Trọng Tấn,Tân Phú",Hồ Chí Minh,Hồ Chí Minh,Tier 1,10.8059626,106.6278496,22414,256,452,3.0
1421,"PNJ NEXT 196 Hai Bà Trưng,Q1",Hồ Chí Minh,Hồ Chí Minh,Tier 1,10.7865068,106.6940043,38530,2197,1892,3.15
1427,"TTKH 513 Điện Biên Phủ,Thanh Khê",Miền Trung,Đà Nẵng,Tier 1,16.0654097,108.1856748,19942,1398,345,5.0
1428,"TTKH 455 Núi Thành,Hải Châu",Miền Trung,Đà Nẵng,Tier 1,16.0368661,108.2223497,14035,1432,347,4.5
1429,PNJ Vincom Quảng Ngãi,Miền Trung,Quảng Ngãi,Tier 1,15.1135282,108.8101722,8321,998,393,4.5
1430,"TTKH 113 Phạm Ngũ Lão,Hải Dương",Miền Bắc,Hải Dương,Tier 2,20.9379858,106.3226223,8157,2359,654,5.0
1432,"TTKH 200A Nguyễn Trung Trực,Phú Quốc",Miền Tây,Kiên Giang,Tier 2,10.2270212,103.9776106,19033,1610,315,5.0
1433,"TTKH 311-313 Nguyễn Văn Cừ,Long Biên",Miền Bắc,Hà Nội,Tier 1,21.0457263,105.8752993,38443,0,657,5.0
1434,"TTKH 229A-231 Tân Sơn Nhì,Tân Phú",Hồ Chí Minh,Hồ Chí Minh,Tier 1,10.7980396,106.6315769,12153,871,451,4.0
1436,"TTKH 130 Ba Cu, Vũng Tàu",Đông Nam Bộ,Bà Rịa – Vũng Tàu,Tier 1,10.3510198,107.0788527,8931,982,237,4.0
1437,"TTKH 190 Yersin,Thủ Dầu Một",Đông Nam Bộ,Bình Dương,Tier 1,10.9824921,106.6584844,17289,1103,453,5.0
1438,"TTKH 167-169 Mạc Thiên Tích,Hà Tiên",Miền Tây,Kiên Giang,Tier 3,10.3787754,104.483122,3007,206,135,0.0
1439,"TTKH 71 Biên Hòa,Hà Nam",Miền Bắc,Hà Nam,Tier 2,20.5438794,105.9171587,13970,73,380,0.0
1440,PNJ BigC An Lạc,Hồ Chí Minh,Hồ Chí Minh,Tier 1,10.7303369,106.6038563,6010,27,104,5.0
1445,"TTKH 504 Hùng Vương, Pleiku",Tây Nguyên,Tây Nguyên,Tier 2,13.9724768,108.0129027,9901,3492,312,5.0
1446,"TTKH 226 Lê Văn Quới, Bình Tân",Hồ Chí Minh,Hồ Chí Minh,Tier 1,10.775652,106.6146735,17553,504,269,5.0
1447,"TTKH 72 Thái Nguyên, Nha Trang",Tây Nguyên,Tây Nguyên,Tier 1,12.2490987,109.1837013,10846,1318,238,1.0
1448,"TTKH 358-360 Quang Trung, Quảng Ngãi",Miền Trung,Quảng Ngãi,Tier 1,15.1237315,108.8034135,10053,1025,309,5.0
1450,"TTKH 94-96 Nguyễn Thái Học, Vị Thanh",Miền Tây,Hậu Giang,Tier 2,9.778626,105.465504,8000,885,199,5.0
1451,"TTKH 139 Trần Hưng Đạo, Sóc Trăng",Miền Tây,Sóc Trăng,Tier 2,9.5959712,105.9708661,10570,2746,163,1.0
1452,"TTKH 68 Lê Lợi, Bắc Giang",Miền Bắc,Bắc Giang,Tier 2,21.2719834,106.1938864,12695,2545,640,0.0
1453,PNJ Vincom Cao Lãnh,Miền Tây,Đồng Tháp,Tier 2,10.4561446,105.6337856,10081,149,170,5.0
1454,"PNJ NEXT 123 Nguyễn Văn Linh, Hải Châu",Miền Trung,Đà Nẵng,Tier 1,16.0604327,108.2158932,30205,860,730,4.9
1455,"TTKH 684 Quốc lộ 1A,Biên Hòa",Đông Nam Bộ,Đồng Nai,Tier 1,10.9693362,106.8971628,9466,0,332,1.0
1456,"PNJ NEXT 110 Cầu Giấy, Cầu Giấy",Miền Bắc,Hà Nội,Tier 1,21.0325521,105.8003723,57398,3652,1742,4.97
1457,"TTKH 139-141 Dương Bá Trạc, Q8",Hồ Chí Minh,Hồ Chí Minh,Tier 1,10.747743,106.6889489,21249,907,282,0.0
1459,"TTKH 521-523 Ba Mươi Tháng Tư, Vũng Tàu",Đông Nam Bộ,Bà Rịa – Vũng Tàu,Tier 1,10.3985236,107.1130266,9585,0,264,5.0
1461,PNJ Aeon Hà Đông,Miền Bắc,Hà Nội,Tier 1,20.9711523,105.779009,24219,2196,250,4.9
1463,"TTKH 82 Quang Trung,Tuyên Quang",Miền Bắc,Tuyên Quang,Tier 3,21.8171949,105.2089894,2892,1327,186,5.0
1464,"TTKH 153 Phan Bội Châu, Quy Nhơn",Miền Trung,Bình Định,Tier 1,13.7755362,109.2297636,13296,1238,132,5.0
1465,"TTKH 186 Hùng Vương, Huế",Miền Trung,Thừa Thiên Huế,Tier 1,16.4561603,107.6001812,15939,2194,227,5.0
1466,"TTKH 234 Phan Đình Phùng, Quảng Ngãi",Miền Trung,Quảng Ngãi,Tier 1,15.1165424,108.8025722,14091,1970,229,5.0
1467,PNJ Vincom Kon Tum,Tây Nguyên,Tây Nguyên,Tier 2,14.3486497,108.0005244,5695,222,158,0.0
1468,"TTKH 75 Phan Đình Phùng,Hà Tĩnh",Miền Bắc,Hà Tĩnh,Tier 3,18.3400369,105.9028806,4985,2988,343,5.0
1469,PNJ Go Trà Vinh,Miền Tây,Trà Vinh,Tier 2,9.9232587,106.3285331,8753,275,161,5.0
1470,PNJ Vincom+ Ninh Hoà,Tây Nguyên,Tây Nguyên,Tier 3,12.4890824,109.132148,2135,399,77,0.0
1471,"TTKH 67 Trần Duy Hưng,Cầu Giấy",Miền Bắc,Hà Nội,Tier 1,21.0116738,105.801129,41770,698,1039,4.97
1472,PNJ Estella,Hồ Chí Minh,Hồ Chí Minh,Tier 1,10.8015487,106.7491636,547397,30,530,4.92
1473,"TTKH 7-9 Y Wang,Buôn Ma Thuột",Tây Nguyên,Tây Nguyên,Tier 1,12.65691,108.0279946,4752,1175,147,0.0
1474,"TTKH 13 Lê Xoay,Vĩnh Phúc",Miền Bắc,Vĩnh Phúc,Tier 2,21.3088268,105.597194,7246,2456,705,4.96
1475,"TTKH 595 Điện Biên,Yên Bái",Miền Bắc,Yên Bái,Tier 3,21.7150218,104.90256,2920,1144,176,5.0
1476,"TTKH 114-116 Nguyễn Oanh,Gò Vấp",Hồ Chí Minh,Hồ Chí Minh,Tier 1,10.829182,106.6788254,13907,813,326,5.0
1477,PNJ GoldCoast Nha Trang,Tây Nguyên,Tây Nguyên,Tier 1,12.2478331,109.194989,35727,420,226,5.0
1478,"TTKH 473 Huỳnh Tấn Phát,Q7",Hồ Chí Minh,Hồ Chí Minh,Tier 1,10.7452824,106.7295676,17186,110,467,1.0
1479,"TTKH 627 Nguyễn Ảnh Thủ,Q12",Hồ Chí Minh,Hồ Chí Minh,Tier 1,10.8736332,106.6219638,16492,984,438,5.0
1480,"TTKH 266A Trần Nguyên Hãn,Hải Phòng",Miền Bắc,Hải Phòng,Tier 1,20.8447103,106.6700623,10551,2154,292,5.0
1481,"TTKH 211-213 Hai Bà Trưng,Thái Bình",Miền Bắc,Thái Bình,Tier 2,20.4476317,106.3434156,8154,2183,719,5.0
1482,"TTKH 1 Phan Văn Hớn,Q12",Hồ Chí Minh,Hồ Chí Minh,Tier 1,10.8288503,106.6158843,20397,1281,437,5.0
1483,"TTKH 268 Nguyễn Duy Trinh,Q2",Hồ Chí Minh,Hồ Chí Minh,Tier 1,10.7877483,106.765923,28606,1206,755,3.0
1484,"TTKH 01 Nguyễn Thái Học,Chí Linh",Miền Bắc,Hải Dương,Tier 3,21.1125257,106.39341,12748,1586,349,5.0
1485,"TTKH 7 Hồ Tùng Mậu,Cầu Giấy",Miền Bắc,Hà Nội,Tier 1,21.0363323,105.7784693,49388,1612,1231,4.98
1487,"PNJ NEXT 54-56 Cầu Đất,Hải Phòng",Miền Bắc,Hải Phòng,Tier 1,20.8548817,106.6825998,5312,2606,202,4.95
1488,"TTKH 71-73 Trần Hưng Đạo,Hồng Ngự",Miền Tây,Đồng Tháp,Tier 3,10.8087108,105.3438294,5537,1171,346,4.75
1489,"TTKH 245 Phạm Văn Đồng,Cam Ranh",Tây Nguyên,Tây Nguyên,Tier 2,11.9151741,109.1491938,3067,336,149,5.0
1490,"TTKH 93 Hùng Vương,Ba Đồn",Miền Trung,Quảng Bình,Tier 2,17.7529319,106.4211585,3987,1234,183,5.0
1491,"TTKH 114-116-118 Nguyễn Huệ, Bình Long",Đông Nam Bộ,Bình Phước,Tier 3,11.6495686,106.6079498,6797,618,159,4.67
1492,"TTKH 81 Nguyễn Đình Chiểu,Bến Tre",Miền Tây,Bến Tre,Tier 2,10.2360418,106.3796474,10342,431,158,5.0
1493,PNJ Go Buôn Ma Thuột,Tây Nguyên,Tây Nguyên,Tier 1,12.6837762,108.0184621,7191,346,258,1.0
1494,PNJ Coop Sa Đéc,Miền Tây,Đồng Tháp,Tier 2,10.289894,105.7583303,6379,108,106,0.0
1495,PNJ Aeonmall Hải Phòng,Miền Bắc,Hải Phòng,Tier 1,20.8327099,106.6821931,13793,2171,237,4.98
1496,TTKH 406-408 Tùng Thiện Vương,Hồ Chí Minh,Hồ Chí Minh,Tier 1,10.7447962,106.6566106,15481,82,243,0.0
1497,Style Aeon Tân Phú,Hồ Chí Minh,Hồ Chí Minh,Tier 1,10.8015819,106.6174433,17038,0,152,5.0
1500,"TTKH 279-281 Ngô Gia Tự, An Nhơn",Miền Trung,Bình Định,Tier 3,13.8888358,109.1134977,6575,762,188,4.9
1502,TTKH 5 Quốc lộ 22 Trảng Bàng,Đông Nam Bộ,Tây Ninh,Tier 3,11.03147,106.3682279,5503,0,193,5.0
1504,"TTKH 196-198 Tôn Đức Thắng,Phan Thiết",Tây Nguyên,Tây Nguyên,Tier 2,10.9332014,108.1112989,12753,992,261,3.0
1505,"TTKH NEXT 189 Bà Triệu, Hà Nội",Miền Bắc,Hà Nội,Tier 1,21.011931,105.8492308,31274,1104,1145,4.98
1506,"TTKH 46-48 Quốc Lộ 1A, Giá Rai",Miền Tây,Bạc Liêu,Tier 3,9.22945309999999,105.4234689,2801,267,119,5.0
1507,"TTKH 128 Quốc Lộ 91, Châu Phú",Miền Tây,An Giang,Tier 3,10.5647124,105.2477925,3962,201,101,0.0
1508,"TTKH 281 Lê Văn Việt, Q9",Hồ Chí Minh,Hồ Chí Minh,Tier 1,10.84736,106.776055,19105,418,505,4.67
1509,"TTKH 287A Tô Ngọc Vân,Thủ Đức",Hồ Chí Minh,Hồ Chí Minh,Tier 1,10.8589765,106.7484722,16260,769,492,1.0
1510,"TTKH 85 Nguyễn Văn Cừ, Vinh",Miền Bắc,Nghệ An,Tier 2,18.6758665,105.6870017,11565,2743,557,5.0
1511,"TTKH 30-32 Trần Hưng Đạo, Ô Môn",Miền Tây,Cần Thơ,Tier 3,10.1150885,105.6218144,3103,0,154,5.0
1512,"TTKH 2 Trần Quý Cáp, Điện Bàn",Miền Trung,Quảng Nam,Tier 3,15.8950721,108.2441765,7297,1229,211,5.0
1513,Style Takashimaya,Hồ Chí Minh,Hồ Chí Minh,Tier 1,,,19455,0,233,1.0
1514,TTKH 34 DT 746 Tân Uyên,Đông Nam Bộ,Bình Dương,Tier 3,11.0051885,106.7206884,14742,495,520,5.0
1515,"TTKH 181 Phạm Văn Đồng, Quảng Ngãi",Miền Trung,Quảng Ngãi,Tier 3,15.3046274,108.7555011,2710,717,168,5.0
1516,"TTKH PNJ 261 Ngô Gia Tự, Phan Rang",Tây Nguyên,Tây Nguyên,Tier 2,11.5644795,108.9951454,8734,0,210,0.0
1517,"TTKH 487 Hùng Vương, Buôn Hồ",Tây Nguyên,Tây Nguyên,Tier 3,12.91417,108.2660013,3431,1022,197,0.0
1518,"TTKH 118C-119C ĐT 824, Đức Hòa",Miền Tây,Long An,Tier 3,10.8667562,106.4944191,10887,381,492,5.0
1520,"TTKH 1039A Hùng Vương, Ngã Bảy",Miền Tây,Hậu Giang,Tier 3,9.8159758,105.8162164,4176,379,135,4.0
1521,"TTKH 69 Nguyễn Văn Cừ, Phú Quốc",Miền Tây,Kiên Giang,Tier 2,10.0187795,104.0151869,18346,212,178,1.0
1522,"TTKH 67 Nguyễn Hữu Tiến, Duy Tiên",Miền Bắc,Hà Nam,Tier 3,20.6431454,105.9230962,9201,1823,298,5.0
1523,"TTKH 105 Nguyễn Trãi, Dĩ An",Đông Nam Bộ,Bình Dương,Tier 1,10.9048037,106.7567965,14484,673,378,5.0
1524,"TTKH 319-321 Đường Số 7, Bình Tân",Hồ Chí Minh,Hồ Chí Minh,Tier 1,10.7515601,106.6112552,17823,217,517,2.2
1525,PNJ Vincom Smart City Hà Nội,Miền Bắc,Hà Nội,Tier 1,21.0055672,105.7544203,8027,1005,186,4.99
1526,"TTKH 324-326 Nguyễn Trãi, Nam Từ Liêm",Miền Bắc,Hà Nội,Tier 1,20.9866654,105.7959239,43588,1157,1302,5.0
1527,"TTKH 409 Ngọc Hồi, Thanh Trì",Miền Bắc,Hà Nội,Tier 2,20.944915,105.8447839,13936,1216,361,5.0
1528,"PNJ Next LK4 Quang Trung, Vinh",Miền Bắc,Nghệ An,Tier 2,18.6749412,105.6741477,6802,1745,289,5.0
1529,"TTKH 244 Phạm Văn Đồng, H. Núi Thành",Miền Trung,Quảng Nam,Tier 3,15.4353622,108.6443153,2623,789,166,5.0
1530,"TTKH 10 Trần Hưng Đạo, TX Quảng Trị",Miền Trung,Quảng Trị,Tier 3,16.7408529,107.1856625,3948,557,186,5.0
1531,"TTKH 2641 Quang Trung, H. Hoài Nhơn",Miền Trung,Bình Định,Tier 3,14.4203055,109.0174044,2817,818,177,5.0
1532,TTKH 148-150 Nguyễn Tất Thành,Tây Nguyên,Tây Nguyên,Tier 3,12.4520916,107.6260198,2015,698,134,0.0
1533,"TTKH 107 Nguyễn Tri Phương, Tân Châu",Miền Tây,An Giang,Tier 3,10.7856281,105.2256158,4829,385,169,0.0
1534,"TTKH 663-665a Trần Phú, Bảo Lộc",Tây Nguyên,Tây Nguyên,Tier 2,11.5433245,107.8078011,4227,726,221,1.0
1535,"TTKH 163 Nguyễn Tất Thành, Năm Căn",Miền Tây,Cà Mau,Tier 3,8.7804664,104.9985127,1226,90,124,0.0
1537,TTKH 53 Liêu Bình Hương - Củ Chi,Hồ Chí Minh,Hồ Chí Minh,Tier 2,10.9546719,106.5277717,10372,937,184,5.0
1538,TTKH 61A Trương Định - Gò Công,Miền Tây,Tiền Giang,Tier 3,10.3584302,106.6752999,5230,810,179,5.0
1539,"TTKH 367 Quang Trung, An Khê",Tây Nguyên,Tây Nguyên,Tier 3,13.9580974,108.6417703,1195,200,104,0.0
1540,"TTKH 404 Hùng Vương, Hoàn Lão",Miền Trung,Quảng Bình,Tier 3,17.5901878,106.5336213,2771,348,122,4.83
1541,"TTKH 1044 Hùng Vương, TT. Di Linh",Tây Nguyên,Tây Nguyên,Tier 3,11.5899332,108.0788783,1996,395,113,0.0
1542,"TTKH 16-18 Cao Lỗ, Đông Anh",Miền Bắc,Hà Nội,Tier 2,21.1411846,105.8454883,18653,1826,457,5.0
1543,"TTKH D8-D9/107 Xuân La, Bắc Từ Liêm",Miền Bắc,Hà Nội,Tier 1,21.0672606,105.8036543,27942,1193,636,5.0
1544,"TTKH 288 Quốc Lộ 91, Thốt Nốt",Miền Tây,Cần Thơ,Tier 3,10.2704577,105.5325319,2689,0,142,0.0
1545,"TTKH 153D Nguyễn Tất Thành, Cà Mau",Miền Tây,Cà Mau,Tier 2,9.1633537,105.1434628,6287,1415,188,0.0
1546,"TTKH 61 Quốc lộ 13, Chơn Thành",Đông Nam Bộ,Bình Phước,Tier 3,11.4194435,106.6153259,5088,749,228,0.0
1547,"Style Vạn Hạnh Mall, Q10",Hồ Chí Minh,Hồ Chí Minh,Tier 1,10.7712347,106.6698295,9054,0,113,5.0
1548,"TTKH 443-445, Đường 2 tháng 4, phường Vĩnh Hải",Tây Nguyên,Tây Nguyên,Tier 1,12.3012659,109.1880085,13977,491,292,5.0
1549,"TTKH 413 Nguyễn Văn Tăng, Thủ Đức, Q9",Hồ Chí Minh,Hồ Chí Minh,Tier 1,10.8415724,106.8269056,17169,750,512,3.5
1550,"TTKH 460 Quốc lộ 13, Bến Cát",Đông Nam Bộ,Bình Dương,Tier 3,11.1467587,106.5989367,14261,1184,751,5.0
1551,"TTKH D19/22M Hương lộ 80, Bình Chánh",Hồ Chí Minh,Hồ Chí Minh,Tier 2,10.8144136,106.5804682,17089,124,429,5.0
1552,"TTKH 1783-1785 Hùng Vương, Việt Trì",Miền Bắc,Phú Thọ,Tier 2,21.3147904,105.3917735,9217,2378,334,5.0
1553,"TTKH 27 Trường Chinh, Sơn La",Miền Bắc,Sơn La,Tier 3,21.3259354,103.9150224,2458,1348,131,5.0
1554,"TTKH 351 Nguyễn Tất Thành, Phước Long",Đông Nam Bộ,Bình Phước,Tier 3,11.8337331,106.9948945,3831,727,190,5.0
1555,"TTKH Giải Phóng, Phước An",Tây Nguyên,Tây Nguyên,Tier 3,12.7106746,108.3013132,4597,0,197,5.0
1556,"TTKH Ngã 6 Lý Công Uẩn, Lào Cai",Miền Bắc,Lào Cai,Tier 2,22.4858757,103.9712707,3084,1083,83,5.0
1557,"TTKH 56 Đường 30/4, Trảng Bom",Đông Nam Bộ,Đồng Nai,Tier 3,10.9562598,107.0073918,11351,1603,396,5.0
1558,"TTKH 70A-70B Lê Lợi, Lagi",Tây Nguyên,Tây Nguyên,Tier 3,10.6648154,107.7747241,3866,64,164,0.0
1559,"TTKH 12-14 Trần Hưng Đạo, Phúc Yên",Miền Bắc,Vĩnh Phúc,Tier 2,21.2318083,105.7063312,9317,1504,294,4.43
1560,"TTKH 293-295 Hoàng Diệu, Q4",Hồ Chí Minh,Hồ Chí Minh,Tier 1,10.7602517,106.6996904,16924,1402,628,5.0
1561,"TTKH 112 Nam Kỳ Khởi Nghĩa, Mỹ Tho",Miền Tây,Tiền Giang,Tier 2,10.3568825,106.3618564,11534,841,312,3.0
1562,"TTKH 241 đường 30/4, Tây Ninh",Đông Nam Bộ,Tây Ninh,Tier 2,11.3150483,106.0970343,5804,0,193,3.0
1563,"TTKH 347 Nguyễn Hữu Thọ, Đà Nẵng",Miền Trung,Đà Nẵng,Tier 2,16.0370525,108.2103446,22620,683,292,1.0
1564,PNJ Aeon Mall Hà Đông 2,Miền Bắc,Hà Nội,Tier 1,20.9711523,105.779009,0,73,0,0.0
1565,PNJ Vincom Ninh Thuận,Tây Nguyên,Tây Nguyên,Tier 2,11.5634842,109.0092185,8230,170,197,0.0
1566,"TTKH 19 đường DT747, Hội Nghĩa",Đông Nam Bộ,Bình Dương,Tier 3,11.0947303,106.7714598,8154,668,565,5.0
1567,"TTKH 955 Kha Vạn Cân, Thủ Đức",Hồ Chí Minh,Thủ Đức,Tier 1,10.8517412,106.7547201,10905,537,409,3.6
1568,PNJ Thiso Mall,Hồ Chí Minh,Q02,Tier 1,10.7693924,106.7131959,27263,505,243,2.0
1569,"TTKH 54-56 Hùng Vương, Tháp Mười",Miền Tây,Đồng Tháp,Tier 3,10.5195178,105.8414064,2142,434,198,5.0
1570,"TTKH 1066 Nguyễn Tất Thành, Huế",Miền Trung,Thừa Thiên Huế,Tier 3,16.4105324,107.6751823,2663,501,132,0.0
1571,"TTKH 300 Quốc lộ 50, Cần Giuộc",Miền Tây,Long An,Tier 3,10.6013194,106.6663661,9777,1084,348,3.0
1575,"TTKH 738 Hùng Vương, Đinh Văn",Tây Nguyên,Tây Nguyên,Tier 3,11.7862553,108.253432,2435,429,153,5.0
1576,TTKH Vincom Shophouse Bạc Liêu,Miền Tây,Bạc Liêu,Tier 2,9.2939476,105.7215267,3678,942,118,5.0
1577,"TTKH 449-451 Hồ Ngọc Lãm, Bình Tân",Hồ Chí Minh,Hồ Chí Minh,Tier 1,10.724786,106.6092606,20036,368,386,3.67
1578,TTKH 1/85 Đường 22/12 Thuận Giao,Đông Nam Bộ,Bình Dương,Tier 2,10.9486466,106.7204674,12797,819,590,2.0
1579,"TTKH 778 Phạm Văn Đồng, Pleiku",Tây Nguyên,Tây Nguyên,Tier 2,14.0288655,107.9898468,3659,0,133,0.0
1580,"TTKH 8-9 KP Khang Gia, Cần Đước",Miền Tây,Long An,Tier 3,10.5192925,106.6080595,5483,355,138,5.0
1581,"TTKH 34A-34B Đà Nẵng, Máy Tơ",Miền Bắc,Hải Phòng,Tier 1,20.8613081,106.6949247,8629,1671,321,5.0
1582,"TTKH 8 Tỉnh Lộ 8, Củ Chi",Hồ Chí Minh,Củ Chi,Tier 2,10.9823642,106.5481977,6089,363,179,0.0
1583,TTKH 57/9 ấp Tiền Lân,Hồ Chí Minh,Hóc Môn,Tier 2,10.8346496,106.6064275,16687,820,327,3.0
1584,"TTKH 439A1 Phan Văn Trị, Gò vấp",Hồ Chí Minh,Gò Vấp,Tier 1,10.8232458,106.6914928,25351,631,445,3.1
1585,TTKH QL51 Mỹ Xuân - Phú Mỹ,Đông Nam Bộ,Bà Rịa – Vũng Tàu,Tier 3,10.7494146,106.9699814,8234,504,371,5.0
1586,"TTKH 100 Ngô Quyền, Bình Minh",Miền Tây,Vĩnh Long,Tier 3,10.0360309,105.7832198,4158,227,227,1.0
1587,PNJ Hùng Vương Plaza,Hồ Chí Minh,Hồ Chí Minh,Tier 1,10.7561068,106.664256,41193,310,386,3.0
1588,"TTKH 42 Nguyễn Hoàng, Thăng Bình",Miền Trung,Quảng Nam,Tier 3,15.7416996,108.3595147,2916,553,125,4.96
1589,"TTKH 146 Nguyễn Huệ, Thoại Sơn",Miền Tây,An Giang,Tier 3,10.2680591,105.2672584,1868,91,160,5.0
1590,"TTKH 53A Phạm Thái Bường, Vĩnh Long",Miền Tây,Vĩnh Long,Tier 2,10.2443237,105.978573,6790,2398,246,0.0
1591,"TTKH 110 Nguyễn Huệ, Cao Lãnh",Miền Tây,Đồng Tháp,Tier 2,10.4559642,105.6360522,9483,1756,313,5.0
1592,"TTKH CT4A Bắc Linh Đàm, Đại Kim",Miền Bắc,Hà Nội,Tier 1,20.9696025,105.8290757,28334,1115,950,3.0
1593,"TTKH 13A Nguyễn Hữu Cảnh, Chợ Mới",Miền Tây,An Giang,Tier 3,10.5488095,105.4034119,2043,376,137,0.0
1594,"TTKH 213 Lý Nam Đế, Thái Nguyên",Miền Bắc,Thái Nguyên,Tier 3,21.4126271,105.8813863,5347,1452,349,5.0
1596,"TTKH 71 Phan Chu Trinh, Đà Lạt",Tây Nguyên,Tây Nguyên,Tier 2,11.9533006,108.4689318,9158,908,169,3.0
1597,TTKH 405 QL22 Gò Dầu,Đông Nam Bộ,Tây Ninh,Tier 3,11.0814145,106.2684618,5677,1055,219,5.0
1598,"TTKH 311 Quang Trung, Tây Sơn",Miền Trung,Bình Định,Tier 3,13.9064013,108.9216843,4662,1142,133,5.0
1599,TTKH QL44A Long Điền,Đông Nam Bộ,Bà Rịa – Vũng Tàu,Tier 3,10.4147504,107.2190738,10117,566,200,0.0
1600,"TTKH 85-87 Đường 30/4, phường Thuận An, TX. Long Mỹ , Hậu Giang",Miền Tây,Hậu Giang,Tier 3,9.669597,105.5650239,4508,238,180,0.0
1601,"TTKH 10 Trần Hưng Đạo, Quế Võ",Miền Bắc,Bắc Ninh,Tier 3,21.1542847,106.1461771,6076,1525,283,5.0
1602,"TTKH 193-195 Lê Văn Thọ, Gò Vấp",Hồ Chí Minh,Hồ Chí Minh,Tier 1,10.843218,106.6570131,14090,636,269,4.67
1603,TTKH 50 Huỳnh Minh Thạnh,Đông Nam Bộ,Bà Rịa – Vũng Tàu,Tier 3,10.5333448,107.3997127,4162,0,121,5.0
1604,"TTKH Thị Trấn Diễn Châu, Nghệ An",Miền Bắc,Nghệ An,Tier 3,16.3941066,107.5706672,3742,1179,329,5.0
1605,"TTKH 19 Thú Y, Hoài Đức",Miền Bắc,Hà Nội,Tier 3,21.0750407,105.6979953,13100,1528,403,5.0
1606,PNJ Sense Market Cái Bè,Miền Tây,Tiền Giang,Tier 3,10.3286401,106.0215208,6100,709,167,0.0
1607,"TTKH 21-23 đường NC, Bàu Bàng",Đông Nam Bộ,Bình Dương,Tier 3,11.2462393,106.6402607,6372,876,220,5.0
1608,"TTKH 609 Quốc lộ 61,Châu Thành",Miền Tây,Kiên Giang,Tier 3,,,142,0,80,0.0
1609,TTKH 2172 QL20 Tân Phú,Đông Nam Bộ,Đồng Nai,Tier 3,11.2845244,107.4875348,4268,489,124,3.0
1610,TTKH 7 ô 5/12 Đ. THĐ Đất Đỏ,Đông Nam Bộ,Bà Rịa – Vũng Tàu,Tier 3,,,8004,0,139,0.0
1611,"TTKH 893B Tỉnh Lộ 10, Tân Tạo",Hồ Chí Minh,Hồ Chí Minh,Tier 01,,,8046,0,256,5.0
1612,"TTKH 245 Nguyễn Nghiêm, TX Đức Phổ",Miền Trung,Quảng Ngãi,Tier 3,14.8168907,108.953743,2002,883,190,5.0
1613,AEON Mall Huế,Miền Trung,Miền Trung,,16.45462,107.6139515,1026,642,101,4.49
1614,"TTKH 720 Cù Chính Lan, TP. Hòa Bình",Miền Bắc,Hòa Bình,Tier 3,20.8225012,105.3449335,5569,6,173,5.0
1615,"TTKH 136 đường 2/9, Duyên Hải, TV",Miền Tây,Trà Vinh,Tier 3,9.6318935,106.4938879,1622,168,124,0.0
1616,"TTKH 1179 Trần Hưng Đạo, Long Xuyên, AG",Miền Tây,An Giang,Tier 1,10.387736,105.4330634,7025,127,187,0.0
1617,"TTKH 239 Phan Chu Trinh, BMT",Tây Nguyên,Tây Nguyên,Tier 1,12.6902852,108.0489596,6990,1511,217,0.0
1618,PNJ Tân Mai,Miền Bắc,Miền Bắc,Tier 1,20.9833902,105.8462562,25629,1406,448,5.0
1619,"TTKH 05 Mẹ Suốt, TP Đồng Hới",Miền Trung,Quảng Bình,Tier 3,17.4634648,106.6253107,2094,839,119,5.0
1620,"TTKH 608 TT. Phước Vĩnh, Phú Giáo",Đông Nam Bộ,Bình Dương,Tier 1,11.2882617,106.7930846,2946,549,180,5.0
1621,"TTKH 145 Thành Thái, Quận 10",Hồ Chí Minh,Q10,Tier 1,10.7749685,106.6640502,20880,281,385,0.0
1622,PNJ Next 07-09-11 Ngô Mây,Miền Trung,Bình Định,Tier 1,13.7615673,109.2195367,10623,744,157,5.0
1623,TTKH 303 Hùng Vương - Châu Đức,Đông Nam Bộ,Bà Rịa - Vũng Tàu,Tier 3,10.6478313,107.2458109,5548,639,236,5.0
1624,TTKH 108-110 Bạch Đằng,Miền Bắc,Hải Phòng,Tier 3,20.9202945,106.6790137,5726,1874,224,5.0
1625,"TTKH 170 khu phố 1, thị trấn Bình Đại",Miền Tây,Bến Tre,Tier 2,,,2568,202,177,0.0
1626,"TTKH 111-113 Cầu Diễn, Phường Phúc Diễn",Miền Bắc,Hà Nội,Tier 1,21.0452823,105.7506625,18816,0,592,5.0
1627,"TTKH 248-250 Hùng Vương, Tuy Hòa",Tây Nguyên,Phú Yên,Tier 1,13.0939236,109.3130176,7823,570,176,0.0
1628,"TTKH 748 Hùng Vương, Chư Sê",Tây Nguyên,Gia Lai,Tier 2,13.6984821,108.0748322,2337,0,129,5.0
1629,TTKH 431 Lê Duẩn - Tân Châu,Đông Nam Bộ,Tây Ninh,Tier 3,16.0705644,108.2150839,2113,795,150,0.0
1630,TTKH Bến Cam,Đông Nam Bộ,Đồng Nai,Tier 3,10.7578531,106.9257478,11456,1263,243,5.0
1631,TTKH Hưng Yên,Miền Bắc,Hưng Yên,Tier 3,20.653673,106.0579108,9770,2433,371,5.0
1632,TTKH 212 Phạm Văn Đồng,Tây Nguyên,Tây Nguyên,Tier 3,13.4533041,109.2199299,1729,736,104,1.0
1633,"TTKH 527 Nguyễn Đáng, Trà Vinh",Miền Tây,Trà Vinh,Tier 2,9.9236519,106.3406331,6025,213,129,0.0
1634,"TTKH 562 Giải Phóng, Ea Hleo",Tây Nguyên,Tây Nguyên,Tier 3,13.2059643,108.2077035,1673,878,129,5.0
1635,PNJ Parc Mall Quận 8,Hồ Chí Minh,Hồ Chí Minh,Tier 1,10.7408331,106.6800861,13146,284,110,5.0
1636,"TTKH 02 QL 61, Cái Tắc",Miền Tây,Hậu Giang,Tier 3,9.9256833,105.7251244,2963,388,160,0.0
1637,PNJ Go Bạc Liêu,Miền Tây,Bạc Liêu,Tier 2,9.2967668,105.7176169,3177,420,97,0.0
1638,TTKH Châu Thành,Đông Nam Bộ,Tây Ninh,Tier 3,,,133,0,107,0.0
1639,TTKH Cái Dăm,Miền Bắc,Miền Bắc,Tier 1,20.9583192,107.0221486,7517,1406,237,5.0
1640,TTKH Dầu Tiếng,Đông Nam Bộ,Đông Nam Bộ,,11.2755146,106.3590611,2044,950,169,0.0
1641,"TTKH Nguyễn Xí, Bình Thạnh",Hồ Chí Minh,Hồ Chí Minh,,10.8153076,106.7079152,17139,32,427,4.2
1643,"TTKH 30 Hiệp Bình, Thủ Đức",Hồ Chí Minh,Hồ Chí Minh,Tier 2,10.839071,106.7323558,18424,646,444,4.2
1644,"TTKH Phan Đình Phùng, Pleiku",Tây Nguyên,Tây Nguyên,Tier 3,13.9860911,108.0048647,3694,730,118,3.0
1645,TTKH Xuân Lộc,Đông Nam Bộ,Đông Nam Bộ,,10.9268844,107.4024238,1947,763,123,5.0
1646,"18-19 QL80, Kiên Lương",Miền Tây,Miền Tây,Tier 2,10.1093297,105.2771844,1777,131,160,0.0
1647,"TTKH Nguyễn Hội, Phan Thiết",Tây Nguyên,Tây Nguyên,,10.93579,108.0973,10812,101,112,5.0
1648,"PNJ Go, Phan Rang",Tây Nguyên,Tây Nguyên,,11.5739132,108.993921,10006,0,97,0.0
1649,L5-46 Nguyễn Chí Thanh,Miền Tây,Miền Tây,Tier 3,9.95106339999999,105.1157411,7769,124,237,0.0
1651,Go Bà Rịa,Đông Nam Bộ,Đông Nam Bộ,,10.4930093,107.16791,3210,0,98,5.0
1652,TTKH Phan Rí,Tây Nguyên,Tây Nguyên,,11.1752023,108.5648273,2454,22,133,5.0
1653,TTKH 2253 Đại lộ Hùng Vương,Tây Nguyên & Nam Trung Bộ,Tây Nguyên,Tier 02,11.916882,109.1425157,7586,0,161,5.0
1654,"TTKH L1-5, L1-6 Nguyễn Khuyến, Biên Hòa",Đông Nam Bộ,Đông Nam Bộ,,10.9859925,106.8691758,4258,206,247,5.0
1655,TTKH 57-58 Định Quán,Đông Nam Bộ,Đông Nam Bộ,,11.1943494,107.350787,3107,504,166,1.0
1656,PNJ Hanoi Centre Mall,Miền Bắc,Hà Nội,Tier 01,21.0315543,105.8308186,28829,0,267,4.95
1657,"PNJ 36 Nguyễn Tất Thành, Lệ Thủy, Quảng Trị",Miền Trung,,,17.2225001,106.7937334,1374,210,106,5.0
1658,TTKH Miễu Ông Cù,Đông Nam Bộ,Bình Dương,Tier 01,10.9337485,106.7422952,12830,0,444,5.0
1659,"PNJ Aeon Tân An, Long An Tây",Miền Tây,Miền Tây,Tier 01,10.5993312,106.4416501,5703,0,123,5.0
1660,"TTKH 362-364 Trần Phú, Thanh Hóa",Miền Bắc,Thanh Hóa,Tier 02,19.8022398,105.7757986,7299,2477,311,5.0
1661,TTKH Bình Hòa,Đông Nam Bộ,Bình Dương,Tier 01,10.8915387,106.7294213,12584,180,301,4.0
1662,"TTKH 164 Phạm Văn Đồng, HN",Miền Bắc,Hà Nội,Tier 01,,,22978,0,429,5.0
1664,"TTKH 384 Nguyễn Công Trứ, Ninh Bình",Miền Bắc,,Tier 02,,,0,0,0,0.0
missing_001,PNJ 111113 Cầu Diễn Bắc Từ Liêm,,,,,,0,47,0,0.0
missing_002,"PNJ 141A - 143 Nguyễn Trãi, Phường Chợ Quán, TP. HCM",,,,,,0,517,0,0.0
missing_003,PNJ 159 Phan Đăng Lưu,,,,,,0,72,0,0.0
missing_004,"PNJ 196 - 198 Nguyễn Tất Thành, Tân Lập, Đắk Lắk",,,,,,0,1504,0,0.0
missing_005,"PNJ 320 Giải Phóng, Krông Pắc, Đắk Lắk",,,,,,0,270,0,0.0
missing_006,"PNJ 385B Cách Mạng Tháng Tám, phường Hòa Hưng, TP.HCM",,,,,,0,444,0,0.0
missing_007,"PNJ 69/13 DT743, Phường An Phú, TP. HCM",,,,,,0,287,0,0.0
missing_008,"PNJ Lê Thánh Tôn, Nha Trang",,,,,,0,43,0,0.0
missing_009,"PNJ Lý Thường Kiệt, Buôn Ma Thuột",,,,,,0,298,0,0.0
missing_010,"PNJ tại Co.opmart Cao Lãnh, Đồng Tháp",,,,,,0,927,0,0.0
missing_011,"PNJ tại Co.opmart Phan Thiết, Bình Thuận",,,,,,0,146,0,0.0
missing_012,"PNJ tại Co.opmart Pleiku, Gia Lai",,,,,,0,479,0,0.0
missing_013,"PNJ tại Co.opmart Sóc Trăng, Sóc Trăng",,,,,,0,321,0,0.0
missing_014,"PNJ tại GO Thăng Long, Quận Cầu Giấy",,,,,,0,646,0,0.0
missing_015,Plant - (GMB unmatched),,,,,,5370,0,126,0.0
missing_016,Plant 1152 (GMB unmatched),,,,,,125,0,54,0.0
missing_017,Plant 1154 (GMB unmatched),,,,,,14335,0,110,5.0
missing_018,Plant 1166 (GMB unmatched),,,,,,1865,0,61,0.0
missing_019,Plant 1183 (GMB unmatched),,,,,,7712,0,181,0.0
missing_020,Plant 1301 (GMB unmatched),,,,,,614,0,114,0.0
missing_021,Plant 1302 (GMB unmatched),,,,,,1055,0,101,0.0
missing_022,Plant 1308 (GMB unmatched),,,,,,129,0,87,0.0
missing_023,Plant 1328 (GMB unmatched),,,,,,4181,0,186,5.0
missing_024,Plant 1402 (GMB unmatched),,,,,,138,0,105,0.0
missing_025,Plant 1431 (GMB unmatched),,,,,,126,0,85,0.0
missing_026,Plant 1486 (GMB unmatched),,,,,,90,0,76,0.0
missing_027,Plant 1536 (GMB unmatched),,,,,,4102,0,51,0.0
missing_028,Plant 1650 (GMB unmatched),,,,,,11667,0,466,5.0
missing_029,Trang Sức PNJ An Đông HCM,,,,,,0,24,0,0.0
missing_030,Trang Sức PNJ Next Ngô Mây Quy Nhơn,,,,,,0,4,0,0.0
missing_031,Trang Sức PNJ TTKH Kim Liên Hà Nội,,,,,,0,21,0,0.0
missing_032,Trang sức PNJ 1513 Nguyễn Ảnh Thủ HM,,,,,,0,57,0,0.0
missing_033,Trang sức PNJ 241 Phạm Hùng HCM,,,,,,0,76,0,0.0
missing_034,Trang sức PNJ 327 Quang Trung Hóc Môn,,,,,,0,61,0,0.0
missing_035,Trang sức PNJ 86 Nguyễn Huệ,,,,,,0,31,0,0.0
missing_036,pnj_kv1_slayqueen,,,,,,0,1297,0,0.0
missing_037,pnj_kv3_charminglady,,,,,,0,111,0,0.0
missing_038,pnj_kv3_lovingman,,,,,,0,0,0,0.0
missing_039,pnj_kv3_officebeauty,,,,,,0,118,0,0.0
missing_040,pnj_kv3_slayqueen,,,,,,0,342,0,0.0
missing_041,pnj_kv6_truelove,,,,,,0,0,0,0.0
